accuracy,f1_score,precision,recall
0.9880952380952381,0.9629629629629629,1.0,0.9285714285714286
